features,model,mean_f1,std_f1
Meta + BERT,XGBoost,0.588295169664619,0.017679532371492515
All combined,XGBoost,0.5865245121832039,0.014840113182437078
Meta + BERT,Logistic Regression,0.5829747854846831,0.01570455045980018
TF-IDF + BERT,XGBoost,0.579974853230601,0.017660306724528615
BERT,Logistic Regression,0.5799105081605765,0.015775044604006232
BERT,XGBoost,0.5685023817268205,0.011342533167858724
Meta + TF-IDF,XGBoost,0.5622007149814963,0.008865688478502307
Meta + BERT,SVM,0.5567736695618596,0.012102512156626213
BERT,SVM,0.5505994813675952,0.018386553594329384
TF-IDF,XGBoost,0.5418953973640482,0.008936182644738356
TF-IDF + BERT,Logistic Regression,0.535285087999837,0.01793367759779492
All combined,Logistic Regression,0.5349989702615896,0.017596464194668458
Meta + BERT,Random Forest,0.5292187730512786,0.007142574890750433
BERT,Random Forest,0.5239899859896786,0.01458637463624108
All combined,Random Forest,0.5173216010383085,0.02433005037043984
TF-IDF + BERT,Random Forest,0.5081621527317798,0.010283421282145634
Meta + TF-IDF,Random Forest,0.5053292724373712,0.012912697914388978
Meta + TF-IDF,Logistic Regression,0.4996345569012625,0.02322110132274178
TF-IDF,Logistic Regression,0.4978887992068829,0.01887140020458893
All combined,Decision Tree,0.49701372639307584,0.014818611925791985
Meta + TF-IDF,Decision Tree,0.49535146866937135,0.029603295460507304
TF-IDF,Decision Tree,0.4934039934457961,0.017108012127470495
TF-IDF,Random Forest,0.4909585039467318,0.00839498239851206
Meta,Random Forest,0.48956940155295126,0.01645927541536407
Meta,XGBoost,0.4872008724889234,0.017831173013092436
Meta + BERT,Decision Tree,0.48709757055843267,0.015035745843313814
All combined,SVM,0.486300788785152,0.019034720316183373
TF-IDF + BERT,SVM,0.4792609241174534,0.017336624752652994
Meta,Decision Tree,0.47342129445180803,0.032860566284180194
TF-IDF + BERT,Decision Tree,0.4705396413781182,0.022394653890525265
BERT,Decision Tree,0.4666888876545429,0.019001829308252123
Meta + TF-IDF,SVM,0.46077568931515084,0.014626419143009627
TF-IDF,SVM,0.45431050323693123,0.01621068421534812
Meta,Logistic Regression,0.2344065656664954,0.006044161691803824
Meta,SVM,0.21370452350726432,0.00024567907772343056
